anchor_stamp_s,scene_stamp_s,sync_dt_ms,label_mode,prompt,label_waypoints_json,wp0_x,wp0_y,wp0_z,wp1_x,wp1_y,wp1_z,wp2_x,wp2_y,wp2_z,wp3_x,wp3_y,wp3_z,wp4_x,wp4_y,wp4_z
1773834010.947601557,1773834010.947601557,0.000,offline_ground_truth_window,"Environment section (T(v)):
- Current position NED is (-0.03, -0.03, -2.39) m.
- Current velocity is (-0.00, 0.00, 0.00) m/s (speed 0.00 m/s).
- Goal position NED is (-5.01, 29.50, -2.50) m.
- Output contract: predict exactly 5 waypoint x/y pairs in NED. The planner will set every waypoint z to goal z = -2.50 m before execution.
- Goal delta from current state is (-4.99, 29.53, -0.11) m with distance 29.94 m.
- Obstacle pipeline: depth_camera_to_body_to_ned_current_frame.
- Current depth frame obstacle points projected into NED: 3. Nearest depth obstacle in NED is at (-5.02, 11.38, -2.29) m, relative vector (-4.99, 11.41, 0.10) m, distance 12.45 m.
- Depth validity fraction is 0.58. Global nearest obstacle distance is 4.83 m.
- Sector minimum distances [far_left, left, center, right, far_right] are [4.83, 4.83, 4.83, 4.83, 4.83] m.
- Nearest obstacle sector is far_right at 4.83 m and clearance status is clear.
- Lateral planning hint: prefer center progress.","{""waypoints"":[{""x"":-0.08311757142857101,""y"":0.491070928571428},{""x"":-0.1545461428571424,""y"":0.9821423571428566},{""x"":-0.2259747142857138,""y"":1.473213785714285},{""x"":-0.2974032857142852,""y"":1.964285214285714},{""x"":-0.3688318571428568,""y"":2.4553566428571423}],""reasoning"":""Selected waypoint 0 moves the reference anchor from 29.92 m to 29.42 m from goal immediately and to 27.44 m by the final waypoint, so progress is 0.50 m selected / 2.48 m final and passes with monotonic goal-distance reduction. Kinematics is evaluated on 5 unique label waypoint(s), excluding consecutive duplicate terminal holds, and checks only that the trajectory stays within the configured bounds speed <= 15.00 m/s and acceleration <= 8.00 m/s^2, so kinematics passes. Goal is not reached within this label waypoint window. Safety passes: minimum clearance 3.79 m against manifest obstacles with 0 violating segment(s).""}",-0.08311757142857101,0.491070928571428,-2.5,-0.1545461428571424,0.9821423571428566,-2.5,-0.2259747142857138,1.473213785714285,-2.5,-0.2974032857142852,1.964285214285714,-2.5,-0.3688318571428568,2.4553566428571423,-2.5
1773834017.271727324,1773834017.271727324,0.000,offline_ground_truth_window,"Environment section (T(v)):
- Current position NED is (-0.06, 0.25, -2.46) m.
- Current velocity is (0.00, 0.05, -0.01) m/s (speed 0.05 m/s).
- Goal position NED is (-5.01, 29.50, -2.50) m.
- Output contract: predict exactly 5 waypoint x/y pairs in NED. The planner will set every waypoint z to goal z = -2.50 m before execution.
- Goal delta from current state is (-4.95, 29.25, -0.04) m with distance 29.67 m.
- Obstacle pipeline: depth_camera_to_body_to_ned_current_frame.
- Current depth frame obstacle points projected into NED: 2. Nearest depth obstacle in NED is at (-5.10, 11.32, -1.84) m, relative vector (-5.04, 11.07, 0.62) m, distance 12.18 m.
- Depth validity fraction is 0.57. Global nearest obstacle distance is 4.97 m.
- Sector minimum distances [far_left, left, center, right, far_right] are [4.99, 4.98, 4.98, 4.97, 4.97] m.
- Nearest obstacle sector is far_right at 4.97 m and clearance status is clear.
- Lateral planning hint: prefer center progress.","{""waypoints"":[{""x"":-0.1545461428571424,""y"":0.9821423571428566},{""x"":-0.2259747142857138,""y"":1.473213785714285},{""x"":-0.2974032857142852,""y"":1.964285214285714},{""x"":-0.3688318571428568,""y"":2.4553566428571423},{""x"":-0.4402604285714282,""y"":2.9464280714285707}],""reasoning"":""Selected waypoint 0 moves the reference anchor from 29.42 m to 28.93 m from goal immediately and to 26.94 m by the final waypoint, so progress is 0.50 m selected / 2.48 m final and passes with monotonic goal-distance reduction. Kinematics is evaluated on 5 unique label waypoint(s), excluding consecutive duplicate terminal holds, and checks only that the trajectory stays within the configured bounds speed <= 15.00 m/s and acceleration <= 8.00 m/s^2, so kinematics passes. Goal is not reached within this label waypoint window. Safety passes: minimum clearance 3.87 m against manifest obstacles with 0 violating segment(s).""}",-0.1545461428571424,0.9821423571428566,-2.5,-0.2259747142857138,1.473213785714285,-2.5,-0.2974032857142852,1.964285214285714,-2.5,-0.3688318571428568,2.4553566428571423,-2.5,-0.4402604285714282,2.9464280714285707,-2.5
1773834024.236909628,1773834024.236909628,0.000,offline_ground_truth_window,"Environment section (T(v)):
- Current position NED is (-0.12, 0.74, -2.51) m.
- Current velocity is (-0.02, 0.05, 0.01) m/s (speed 0.06 m/s).
- Goal position NED is (-5.01, 29.50, -2.50) m.
- Output contract: predict exactly 5 waypoint x/y pairs in NED. The planner will set every waypoint z to goal z = -2.50 m before execution.
- Goal delta from current state is (-4.89, 28.76, 0.01) m with distance 29.18 m.
- Obstacle pipeline: depth_camera_to_body_to_ned_current_frame.
- Current depth frame obstacle points projected into NED: 0. Nearest depth obstacle in NED is at (-0.12, 0.74, -2.51) m, relative vector (20.00, 0.00, 0.00) m, distance 20.00 m.
- Depth validity fraction is 0.57. Global nearest obstacle distance is 5.04 m.
- Sector minimum distances [far_left, left, center, right, far_right] are [5.04, 5.04, 5.05, 5.05, 5.06] m.
- Nearest obstacle sector is far_left at 5.04 m and clearance status is clear.
- Lateral planning hint: prefer center progress.","{""waypoints"":[{""x"":-0.2259747142857138,""y"":1.473213785714285},{""x"":-0.2974032857142852,""y"":1.964285214285714},{""x"":-0.3688318571428568,""y"":2.4553566428571423},{""x"":-0.4402604285714282,""y"":2.9464280714285707},{""x"":-0.5116889999999996,""y"":3.4374994999999995}],""reasoning"":""Selected waypoint 0 moves the reference anchor from 28.93 m to 28.43 m from goal immediately and to 26.45 m by the final waypoint, so progress is 0.50 m selected / 2.48 m final and passes with monotonic goal-distance reduction. Kinematics is evaluated on 5 unique label waypoint(s), excluding consecutive duplicate terminal holds, and checks only that the trajectory stays within the configured bounds speed <= 15.00 m/s and acceleration <= 8.00 m/s^2, so kinematics passes. Goal is not reached within this label waypoint window. Safety passes: minimum clearance 3.94 m against manifest obstacles with 0 violating segment(s).""}",-0.2259747142857138,1.473213785714285,-2.5,-0.2974032857142852,1.964285214285714,-2.5,-0.3688318571428568,2.4553566428571423,-2.5,-0.4402604285714282,2.9464280714285707,-2.5,-0.5116889999999996,3.4374994999999995,-2.5
1773834032.569804907,1773834032.569804907,0.000,offline_ground_truth_window,"Environment section (T(v)):
- Current position NED is (-0.17, 1.23, -2.46) m.
- Current velocity is (-0.02, 0.05, -0.00) m/s (speed 0.06 m/s).
- Goal position NED is (-5.01, 29.50, -2.50) m.
- Output contract: predict exactly 5 waypoint x/y pairs in NED. The planner will set every waypoint z to goal z = -2.50 m before execution.
- Goal delta from current state is (-4.84, 28.27, -0.04) m with distance 28.68 m.
- Obstacle pipeline: depth_camera_to_body_to_ned_current_frame.
- Current depth frame obstacle points projected into NED: 2. Nearest depth obstacle in NED is at (-5.31, 11.35, -1.87) m, relative vector (-5.14, 10.11, 0.58) m, distance 11.36 m.
- Depth validity fraction is 0.58. Global nearest obstacle distance is 4.97 m.
- Sector minimum distances [far_left, left, center, right, far_right] are [4.97, 4.97, 4.97, 4.97, 4.97] m.
- Nearest obstacle sector is far_left at 4.97 m and clearance status is clear.
- Lateral planning hint: prefer center progress.","{""waypoints"":[{""x"":-0.2974032857142852,""y"":1.964285214285714},{""x"":-0.3688318571428568,""y"":2.4553566428571423},{""x"":-0.4402604285714282,""y"":2.9464280714285707},{""x"":-0.5116889999999996,""y"":3.4374994999999995},{""x"":-0.583117571428571,""y"":3.9285709285714283}],""reasoning"":""Selected waypoint 0 moves the reference anchor from 28.43 m to 27.94 m from goal immediately and to 25.95 m by the final waypoint, so progress is 0.50 m selected / 2.48 m final and passes with monotonic goal-distance reduction. Kinematics is evaluated on 5 unique label waypoint(s), excluding consecutive duplicate terminal holds, and checks only that the trajectory stays within the configured bounds speed <= 15.00 m/s and acceleration <= 8.00 m/s^2, so kinematics passes. Goal is not reached within this label waypoint window. Safety passes: minimum clearance 4.01 m against manifest obstacles with 0 violating segment(s).""}",-0.2974032857142852,1.964285214285714,-2.5,-0.3688318571428568,2.4553566428571423,-2.5,-0.4402604285714282,2.9464280714285707,-2.5,-0.5116889999999996,3.4374994999999995,-2.5,-0.583117571428571,3.9285709285714283,-2.5
1773834038.388132572,1773834038.388132572,0.000,offline_ground_truth_window,"Environment section (T(v)):
- Current position NED is (-0.25, 1.72, -2.49) m.
- Current velocity is (-0.01, 0.08, 0.01) m/s (speed 0.08 m/s).
- Goal position NED is (-5.01, 29.50, -2.50) m.
- Output contract: predict exactly 5 waypoint x/y pairs in NED. The planner will set every waypoint z to goal z = -2.50 m before execution.
- Goal delta from current state is (-4.76, 27.78, -0.01) m with distance 28.18 m.
- Obstacle pipeline: depth_camera_to_body_to_ned_current_frame.
- Current depth frame obstacle points projected into NED: 0. Nearest depth obstacle in NED is at (-0.25, 1.72, -2.49) m, relative vector (20.00, 0.00, 0.00) m, distance 20.00 m.
- Depth validity fraction is 0.57. Global nearest obstacle distance is 5.06 m.
- Sector minimum distances [far_left, left, center, right, far_right] are [5.07, 5.07, 5.06, 5.06, 5.06] m.
- Nearest obstacle sector is far_right at 5.06 m and clearance status is clear.
- Lateral planning hint: prefer center progress.","{""waypoints"":[{""x"":-0.3688318571428568,""y"":2.4553566428571423},{""x"":-0.4402604285714282,""y"":2.9464280714285707},{""x"":-0.5116889999999996,""y"":3.4374994999999995},{""x"":-0.583117571428571,""y"":3.9285709285714283},{""x"":-0.6545461428571424,""y"":4.419642357142857}],""reasoning"":""Selected waypoint 0 moves the reference anchor from 27.94 m to 27.44 m from goal immediately and to 25.46 m by the final waypoint, so progress is 0.50 m selected / 2.48 m final and passes with monotonic goal-distance reduction. Kinematics is evaluated on 5 unique label waypoint(s), excluding consecutive duplicate terminal holds, and checks only that the trajectory stays within the configured bounds speed <= 15.00 m/s and acceleration <= 8.00 m/s^2, so kinematics passes. Goal is not reached within this label waypoint window. Safety passes: minimum clearance 4.08 m against manifest obstacles with 0 violating segment(s).""}",-0.3688318571428568,2.4553566428571423,-2.5,-0.4402604285714282,2.9464280714285707,-2.5,-0.5116889999999996,3.4374994999999995,-2.5,-0.583117571428571,3.9285709285714283,-2.5,-0.6545461428571424,4.419642357142857,-2.5
1773834046.516503811,1773834046.516503811,0.000,offline_ground_truth_window,"Environment section (T(v)):
- Current position NED is (-0.32, 2.21, -2.49) m.
- Current velocity is (-0.01, 0.05, -0.00) m/s (speed 0.05 m/s).
- Goal position NED is (-5.01, 29.50, -2.50) m.
- Output contract: predict exactly 5 waypoint x/y pairs in NED. The planner will set every waypoint z to goal z = -2.50 m before execution.
- Goal delta from current state is (-4.69, 27.29, -0.01) m with distance 27.69 m.
- Obstacle pipeline: depth_camera_to_body_to_ned_current_frame.
- Current depth frame obstacle points projected into NED: 0. Nearest depth obstacle in NED is at (-0.32, 2.21, -2.49) m, relative vector (20.00, 0.00, 0.00) m, distance 20.00 m.
- Depth validity fraction is 0.58. Global nearest obstacle distance is 5.02 m.
- Sector minimum distances [far_left, left, center, right, far_right] are [5.03, 5.03, 5.02, 5.02, 5.02] m.
- Nearest obstacle sector is far_right at 5.02 m and clearance status is clear.
- Lateral planning hint: prefer center progress.","{""waypoints"":[{""x"":-0.4402604285714282,""y"":2.9464280714285707},{""x"":-0.5116889999999996,""y"":3.4374994999999995},{""x"":-0.583117571428571,""y"":3.9285709285714283},{""x"":-0.6545461428571424,""y"":4.419642357142857},{""x"":-0.7259747142857139,""y"":4.910713785714285}],""reasoning"":""Selected waypoint 0 moves the reference anchor from 27.44 m to 26.94 m from goal immediately and to 24.96 m by the final waypoint, so progress is 0.50 m selected / 2.48 m final and passes with monotonic goal-distance reduction. Kinematics is evaluated on 5 unique label waypoint(s), excluding consecutive duplicate terminal holds, and checks only that the trajectory stays within the configured bounds speed <= 15.00 m/s and acceleration <= 8.00 m/s^2, so kinematics passes. Goal is not reached within this label waypoint window. Safety passes: minimum clearance 4.15 m against manifest obstacles with 0 violating segment(s).""}",-0.4402604285714282,2.9464280714285707,-2.5,-0.5116889999999996,3.4374994999999995,-2.5,-0.583117571428571,3.9285709285714283,-2.5,-0.6545461428571424,4.419642357142857,-2.5,-0.7259747142857139,4.910713785714285,-2.5
1773834053.889132261,1773834053.889132261,0.000,offline_ground_truth_window,"Environment section (T(v)):
- Current position NED is (-0.39, 2.71, -2.49) m.
- Current velocity is (-0.02, 0.08, 0.00) m/s (speed 0.09 m/s).
- Goal position NED is (-5.01, 29.50, -2.50) m.
- Output contract: predict exactly 5 waypoint x/y pairs in NED. The planner will set every waypoint z to goal z = -2.50 m before execution.
- Goal delta from current state is (-4.63, 26.79, -0.01) m with distance 27.19 m.
- Obstacle pipeline: depth_camera_to_body_to_ned_current_frame.
- Current depth frame obstacle points projected into NED: 0. Nearest depth obstacle in NED is at (-0.39, 2.71, -2.49) m, relative vector (20.00, 0.00, 0.00) m, distance 20.00 m.
- Depth validity fraction is 0.57. Global nearest obstacle distance is 5.09 m.
- Sector minimum distances [far_left, left, center, right, far_right] are [5.10, 5.10, 5.09, 5.09, 5.09] m.
- Nearest obstacle sector is far_right at 5.09 m and clearance status is clear.
- Lateral planning hint: prefer center progress.","{""waypoints"":[{""x"":-0.5116889999999996,""y"":3.4374994999999995},{""x"":-0.583117571428571,""y"":3.9285709285714283},{""x"":-0.6545461428571424,""y"":4.419642357142857},{""x"":-0.7259747142857139,""y"":4.910713785714285},{""x"":-0.7974032857142853,""y"":5.401785214285714}],""reasoning"":""Selected waypoint 0 moves the reference anchor from 26.94 m to 26.45 m from goal immediately and to 24.46 m by the final waypoint, so progress is 0.50 m selected / 2.48 m final and passes with monotonic goal-distance reduction. Kinematics is evaluated on 5 unique label waypoint(s), excluding consecutive duplicate terminal holds, and checks only that the trajectory stays within the configured bounds speed <= 15.00 m/s and acceleration <= 8.00 m/s^2, so kinematics passes. Goal is not reached within this label waypoint window. Safety passes: minimum clearance 4.22 m against manifest obstacles with 0 violating segment(s).""}",-0.5116889999999996,3.4374994999999995,-2.5,-0.583117571428571,3.9285709285714283,-2.5,-0.6545461428571424,4.419642357142857,-2.5,-0.7259747142857139,4.910713785714285,-2.5,-0.7974032857142853,5.401785214285714,-2.5
1773834061.592822313,1773834061.592822313,0.000,offline_ground_truth_window,"Environment section (T(v)):
- Current position NED is (-0.51, 3.19, -2.50) m.
- Current velocity is (-0.00, 0.04, 0.01) m/s (speed 0.04 m/s).
- Goal position NED is (-5.01, 29.50, -2.50) m.
- Output contract: predict exactly 5 waypoint x/y pairs in NED. The planner will set every waypoint z to goal z = -2.50 m before execution.
- Goal delta from current state is (-4.51, 26.31, 0.00) m with distance 26.70 m.
- Obstacle pipeline: depth_camera_to_body_to_ned_current_frame.
- Current depth frame obstacle points projected into NED: 0. Nearest depth obstacle in NED is at (-0.51, 3.19, -2.50) m, relative vector (20.00, 0.00, 0.00) m, distance 20.00 m.
- Depth validity fraction is 0.58. Global nearest obstacle distance is 5.01 m.
- Sector minimum distances [far_left, left, center, right, far_right] are [5.02, 5.01, 5.01, 5.01, 5.01] m.
- Nearest obstacle sector is far_right at 5.01 m and clearance status is clear.
- Lateral planning hint: prefer center progress.","{""waypoints"":[{""x"":-0.583117571428571,""y"":3.9285709285714283},{""x"":-0.6545461428571424,""y"":4.419642357142857},{""x"":-0.7259747142857139,""y"":4.910713785714285},{""x"":-0.7974032857142853,""y"":5.401785214285714},{""x"":-0.8688318571428567,""y"":5.892856642857142}],""reasoning"":""Selected waypoint 0 moves the reference anchor from 26.45 m to 25.95 m from goal immediately and to 23.97 m by the final waypoint, so progress is 0.50 m selected / 2.48 m final and passes with monotonic goal-distance reduction. Kinematics is evaluated on 5 unique label waypoint(s), excluding consecutive duplicate terminal holds, and checks only that the trajectory stays within the configured bounds speed <= 15.00 m/s and acceleration <= 8.00 m/s^2, so kinematics passes. Goal is not reached within this label waypoint window. Safety passes: minimum clearance 4.29 m against manifest obstacles with 0 violating segment(s).""}",-0.583117571428571,3.9285709285714283,-2.5,-0.6545461428571424,4.419642357142857,-2.5,-0.7259747142857139,4.910713785714285,-2.5,-0.7974032857142853,5.401785214285714,-2.5,-0.8688318571428567,5.892856642857142,-2.5
1773834069.615561008,1773834069.615561008,0.000,offline_ground_truth_window,"Environment section (T(v)):
- Current position NED is (-0.56, 3.68, -2.48) m.
- Current velocity is (-0.01, 0.06, 0.00) m/s (speed 0.06 m/s).
- Goal position NED is (-5.01, 29.50, -2.50) m.
- Output contract: predict exactly 5 waypoint x/y pairs in NED. The planner will set every waypoint z to goal z = -2.50 m before execution.
- Goal delta from current state is (-4.45, 25.82, -0.02) m with distance 26.20 m.
- Obstacle pipeline: depth_camera_to_body_to_ned_current_frame.
- Current depth frame obstacle points projected into NED: 0. Nearest depth obstacle in NED is at (-0.56, 3.68, -2.48) m, relative vector (20.00, 0.00, 0.00) m, distance 20.00 m.
- Depth validity fraction is 0.58. Global nearest obstacle distance is 5.04 m.
- Sector minimum distances [far_left, left, center, right, far_right] are [5.04, 5.04, 5.04, 5.05, 5.05] m.
- Nearest obstacle sector is far_left at 5.04 m and clearance status is clear.
- Lateral planning hint: prefer center progress.","{""waypoints"":[{""x"":-0.6545461428571424,""y"":4.419642357142857},{""x"":-0.7259747142857139,""y"":4.910713785714285},{""x"":-0.7974032857142853,""y"":5.401785214285714},{""x"":-0.8688318571428567,""y"":5.892856642857142},{""x"":-0.9402604285714282,""y"":6.3839280714285715}],""reasoning"":""Selected waypoint 0 moves the reference anchor from 25.95 m to 25.46 m from goal immediately and to 23.47 m by the final waypoint, so progress is 0.50 m selected / 2.48 m final and passes with monotonic goal-distance reduction. Kinematics is evaluated on 5 unique label waypoint(s), excluding consecutive duplicate terminal holds, and checks only that the trajectory stays within the configured bounds speed <= 15.00 m/s and acceleration <= 8.00 m/s^2, so kinematics passes. Goal is not reached within this label waypoint window. Safety passes: minimum clearance 4.37 m against manifest obstacles with 0 violating segment(s).""}",-0.6545461428571424,4.419642357142857,-2.5,-0.7259747142857139,4.910713785714285,-2.5,-0.7974032857142853,5.401785214285714,-2.5,-0.8688318571428567,5.892856642857142,-2.5,-0.9402604285714282,6.3839280714285715,-2.5
1773834076.536146641,1773834076.536146641,0.000,offline_ground_truth_window,"Environment section (T(v)):
- Current position NED is (-0.61, 4.18, -2.50) m.
- Current velocity is (-0.02, 0.05, 0.00) m/s (speed 0.06 m/s).
- Goal position NED is (-5.01, 29.50, -2.50) m.
- Output contract: predict exactly 5 waypoint x/y pairs in NED. The planner will set every waypoint z to goal z = -2.50 m before execution.
- Goal delta from current state is (-4.41, 25.32, 0.00) m with distance 25.70 m.
- Obstacle pipeline: depth_camera_to_body_to_ned_current_frame.
- Current depth frame obstacle points projected into NED: 0. Nearest depth obstacle in NED is at (-0.61, 4.18, -2.50) m, relative vector (20.00, 0.00, 0.00) m, distance 20.00 m.
- Depth validity fraction is 0.58. Global nearest obstacle distance is 5.06 m.
- Sector minimum distances [far_left, left, center, right, far_right] are [5.06, 5.06, 5.06, 5.06, 5.07] m.
- Nearest obstacle sector is far_left at 5.06 m and clearance status is clear.
- Lateral planning hint: prefer center progress.","{""waypoints"":[{""x"":-0.7259747142857139,""y"":4.910713785714285},{""x"":-0.7974032857142853,""y"":5.401785214285714},{""x"":-0.8688318571428567,""y"":5.892856642857142},{""x"":-0.9402604285714282,""y"":6.3839280714285715},{""x"":-1.0116889999999996,""y"":6.8749994999999995}],""reasoning"":""Selected waypoint 0 moves the reference anchor from 25.46 m to 24.96 m from goal immediately and to 22.98 m by the final waypoint, so progress is 0.50 m selected / 2.48 m final and passes with monotonic goal-distance reduction. Kinematics is evaluated on 5 unique label waypoint(s), excluding consecutive duplicate terminal holds, and checks only that the trajectory stays within the configured bounds speed <= 15.00 m/s and acceleration <= 8.00 m/s^2, so kinematics passes. Goal is not reached within this label waypoint window. Safety passes: minimum clearance 4.44 m against manifest obstacles with 0 violating segment(s).""}",-0.7259747142857139,4.910713785714285,-2.5,-0.7974032857142853,5.401785214285714,-2.5,-0.8688318571428567,5.892856642857142,-2.5,-0.9402604285714282,6.3839280714285715,-2.5,-1.0116889999999996,6.8749994999999995,-2.5
1773834084.849869013,1773834084.849869013,0.000,offline_ground_truth_window,"Environment section (T(v)):
- Current position NED is (-0.70, 4.66, -2.52) m.
- Current velocity is (0.00, 0.05, 0.01) m/s (speed 0.05 m/s).
- Goal position NED is (-5.01, 29.50, -2.50) m.
- Output contract: predict exactly 5 waypoint x/y pairs in NED. The planner will set every waypoint z to goal z = -2.50 m before execution.
- Goal delta from current state is (-4.31, 24.84, 0.02) m with distance 25.21 m.
- Obstacle pipeline: depth_camera_to_body_to_ned_current_frame.
- Current depth frame obstacle points projected into NED: 0. Nearest depth obstacle in NED is at (-0.70, 4.66, -2.52) m, relative vector (20.00, 0.00, 0.00) m, distance 20.00 m.
- Depth validity fraction is 0.58. Global nearest obstacle distance is 5.04 m.
- Sector minimum distances [far_left, left, center, right, far_right] are [5.05, 5.05, 5.04, 5.04, 5.04] m.
- Nearest obstacle sector is far_right at 5.04 m and clearance status is clear.
- Lateral planning hint: prefer center progress.","{""waypoints"":[{""x"":-0.7974032857142853,""y"":5.401785214285714},{""x"":-0.8688318571428567,""y"":5.892856642857142},{""x"":-0.9402604285714282,""y"":6.3839280714285715},{""x"":-1.0116889999999996,""y"":6.8749994999999995},{""x"":-1.083117571428571,""y"":7.3660709285714265}],""reasoning"":""Selected waypoint 0 moves the reference anchor from 24.96 m to 24.46 m from goal immediately and to 22.48 m by the final waypoint, so progress is 0.50 m selected / 2.48 m final and passes with monotonic goal-distance reduction. Kinematics is evaluated on 5 unique label waypoint(s), excluding consecutive duplicate terminal holds, and checks only that the trajectory stays within the configured bounds speed <= 15.00 m/s and acceleration <= 8.00 m/s^2, so kinematics passes. Goal is not reached within this label waypoint window. Safety passes: minimum clearance 4.51 m against manifest obstacles with 0 violating segment(s).""}",-0.7974032857142853,5.401785214285714,-2.5,-0.8688318571428567,5.892856642857142,-2.5,-0.9402604285714282,6.3839280714285715,-2.5,-1.0116889999999996,6.8749994999999995,-2.5,-1.083117571428571,7.3660709285714265,-2.5
1773834091.049132347,1773834091.049132347,0.000,offline_ground_truth_window,"Environment section (T(v)):
- Current position NED is (-0.76, 5.16, -2.48) m.
- Current velocity is (-0.00, 0.09, -0.00) m/s (speed 0.09 m/s).
- Goal position NED is (-5.01, 29.50, -2.50) m.
- Output contract: predict exactly 5 waypoint x/y pairs in NED. The planner will set every waypoint z to goal z = -2.50 m before execution.
- Goal delta from current state is (-4.25, 24.34, -0.02) m with distance 24.71 m.
- Obstacle pipeline: depth_camera_to_body_to_ned_current_frame.
- Current depth frame obstacle points projected into NED: 0. Nearest depth obstacle in NED is at (-0.76, 5.16, -2.48) m, relative vector (20.00, 0.00, 0.00) m, distance 20.00 m.
- Depth validity fraction is 0.58. Global nearest obstacle distance is 5.05 m.
- Sector minimum distances [far_left, left, center, right, far_right] are [5.06, 5.05, 5.05, 5.05, 5.05] m.
- Nearest obstacle sector is far_right at 5.05 m and clearance status is clear.
- Lateral planning hint: prefer center progress.","{""waypoints"":[{""x"":-0.8688318571428567,""y"":5.892856642857142},{""x"":-0.9402604285714282,""y"":6.3839280714285715},{""x"":-1.0116889999999996,""y"":6.8749994999999995},{""x"":-1.083117571428571,""y"":7.3660709285714265},{""x"":-1.1545461428571424,""y"":7.857142357142857}],""reasoning"":""Selected waypoint 0 moves the reference anchor from 24.46 m to 23.97 m from goal immediately and to 21.98 m by the final waypoint, so progress is 0.50 m selected / 2.48 m final and passes with monotonic goal-distance reduction. Kinematics is evaluated on 5 unique label waypoint(s), excluding consecutive duplicate terminal holds, and checks only that the trajectory stays within the configured bounds speed <= 15.00 m/s and acceleration <= 8.00 m/s^2, so kinematics passes. Goal is not reached within this label waypoint window. Safety passes: minimum clearance 4.50 m against manifest obstacles with 0 violating segment(s).""}",-0.8688318571428567,5.892856642857142,-2.5,-0.9402604285714282,6.3839280714285715,-2.5,-1.0116889999999996,6.8749994999999995,-2.5,-1.083117571428571,7.3660709285714265,-2.5,-1.1545461428571424,7.857142357142857,-2.5
1773834098.646743774,1773834098.646743774,0.000,offline_ground_truth_window,"Environment section (T(v)):
- Current position NED is (-0.86, 5.66, -2.51) m.
- Current velocity is (-0.00, 0.06, 0.01) m/s (speed 0.06 m/s).
- Goal position NED is (-5.01, 29.50, -2.50) m.
- Output contract: predict exactly 5 waypoint x/y pairs in NED. The planner will set every waypoint z to goal z = -2.50 m before execution.
- Goal delta from current state is (-4.16, 23.84, 0.01) m with distance 24.20 m.
- Obstacle pipeline: depth_camera_to_body_to_ned_current_frame.
- Current depth frame obstacle points projected into NED: 0. Nearest depth obstacle in NED is at (-0.86, 5.66, -2.51) m, relative vector (20.00, 0.00, 0.00) m, distance 20.00 m.
- Depth validity fraction is 0.58. Global nearest obstacle distance is 5.02 m.
- Sector minimum distances [far_left, left, center, right, far_right] are [5.02, 5.02, 5.02, 5.02, 5.02] m.
- Nearest obstacle sector is far_right at 5.02 m and clearance status is clear.
- Lateral planning hint: prefer center progress.","{""waypoints"":[{""x"":-0.9402604285714282,""y"":6.3839280714285715},{""x"":-1.0116889999999996,""y"":6.8749994999999995},{""x"":-1.083117571428571,""y"":7.3660709285714265},{""x"":-1.1545461428571424,""y"":7.857142357142857},{""x"":-1.2259747142857138,""y"":8.348213785714284}],""reasoning"":""Selected waypoint 0 moves the reference anchor from 23.97 m to 23.47 m from goal immediately and to 21.49 m by the final waypoint, so progress is 0.50 m selected / 2.48 m final and passes with monotonic goal-distance reduction. Kinematics is evaluated on 5 unique label waypoint(s), excluding consecutive duplicate terminal holds, and checks only that the trajectory stays within the configured bounds speed <= 15.00 m/s and acceleration <= 8.00 m/s^2, so kinematics passes. Goal is not reached within this label waypoint window. Safety passes: minimum clearance 4.22 m against manifest obstacles with 0 violating segment(s).""}",-0.9402604285714282,6.3839280714285715,-2.5,-1.0116889999999996,6.8749994999999995,-2.5,-1.083117571428571,7.3660709285714265,-2.5,-1.1545461428571424,7.857142357142857,-2.5,-1.2259747142857138,8.348213785714284,-2.5
1773834107.810193300,1773834107.810193300,0.000,offline_ground_truth_window,"Environment section (T(v)):
- Current position NED is (-0.91, 6.14, -2.47) m.
- Current velocity is (-0.01, 0.06, -0.00) m/s (speed 0.06 m/s).
- Goal position NED is (-5.01, 29.50, -2.50) m.
- Output contract: predict exactly 5 waypoint x/y pairs in NED. The planner will set every waypoint z to goal z = -2.50 m before execution.
- Goal delta from current state is (-4.10, 23.36, -0.03) m with distance 23.72 m.
- Obstacle pipeline: depth_camera_to_body_to_ned_current_frame.
- Current depth frame obstacle points projected into NED: 0. Nearest depth obstacle in NED is at (-0.91, 6.14, -2.47) m, relative vector (20.00, 0.00, 0.00) m, distance 20.00 m.
- Depth validity fraction is 0.58. Global nearest obstacle distance is 5.00 m.
- Sector minimum distances [far_left, left, center, right, far_right] are [5.00, 5.00, 5.00, 5.00, 5.00] m.
- Nearest obstacle sector is far_right at 5.00 m and clearance status is clear.
- Lateral planning hint: prefer center progress.","{""waypoints"":[{""x"":-1.0116889999999996,""y"":6.8749994999999995},{""x"":-1.083117571428571,""y"":7.3660709285714265},{""x"":-1.1545461428571424,""y"":7.857142357142857},{""x"":-1.2259747142857138,""y"":8.348213785714284},{""x"":-1.2974032857142854,""y"":8.839285214285715}],""reasoning"":""Selected waypoint 0 moves the reference anchor from 23.47 m to 22.98 m from goal immediately and to 20.99 m by the final waypoint, so progress is 0.50 m selected / 2.48 m final and passes with monotonic goal-distance reduction. Kinematics is evaluated on 5 unique label waypoint(s), excluding consecutive duplicate terminal holds, and checks only that the trajectory stays within the configured bounds speed <= 15.00 m/s and acceleration <= 8.00 m/s^2, so kinematics passes. Goal is not reached within this label waypoint window. Safety passes: minimum clearance 3.99 m against manifest obstacles with 0 violating segment(s).""}",-1.0116889999999996,6.8749994999999995,-2.5,-1.083117571428571,7.3660709285714265,-2.5,-1.1545461428571424,7.857142357142857,-2.5,-1.2259747142857138,8.348213785714284,-2.5,-1.2974032857142854,8.839285214285715,-2.5
1773834116.195804834,1773834116.195804834,0.000,offline_ground_truth_window,"Environment section (T(v)):
- Current position NED is (-1.01, 6.63, -2.50) m.
- Current velocity is (0.00, 0.04, 0.00) m/s (speed 0.04 m/s).
- Goal position NED is (-5.01, 29.50, -2.50) m.
- Output contract: predict exactly 5 waypoint x/y pairs in NED. The planner will set every waypoint z to goal z = -2.50 m before execution.
- Goal delta from current state is (-4.01, 22.87, -0.00) m with distance 23.22 m.
- Obstacle pipeline: depth_camera_to_body_to_ned_current_frame.
- Current depth frame obstacle points projected into NED: 4. Nearest depth obstacle in NED is at (-0.42, 18.37, -2.03) m, relative vector (0.59, 11.74, 0.47) m, distance 11.77 m.
- Depth validity fraction is 0.59. Global nearest obstacle distance is 5.02 m.
- Sector minimum distances [far_left, left, center, right, far_right] are [5.02, 5.02, 5.02, 5.03, 5.03] m.
- Nearest obstacle sector is far_left at 5.02 m and clearance status is clear.
- Lateral planning hint: prefer center progress.","{""waypoints"":[{""x"":-1.083117571428571,""y"":7.3660709285714265},{""x"":-1.1545461428571424,""y"":7.857142357142857},{""x"":-1.2259747142857138,""y"":8.348213785714284},{""x"":-1.2974032857142854,""y"":8.839285214285715},{""x"":-1.3688318571428568,""y"":9.330356642857144}],""reasoning"":""Selected waypoint 0 moves the reference anchor from 22.98 m to 22.48 m from goal immediately and to 20.50 m by the final waypoint, so progress is 0.50 m selected / 2.48 m final and passes with monotonic goal-distance reduction. Kinematics is evaluated on 5 unique label waypoint(s), excluding consecutive duplicate terminal holds, and checks only that the trajectory stays within the configured bounds speed <= 15.00 m/s and acceleration <= 8.00 m/s^2, so kinematics passes. Goal is not reached within this label waypoint window. Safety passes: minimum clearance 3.81 m against manifest obstacles with 0 violating segment(s).""}",-1.083117571428571,7.3660709285714265,-2.5,-1.1545461428571424,7.857142357142857,-2.5,-1.2259747142857138,8.348213785714284,-2.5,-1.2974032857142854,8.839285214285715,-2.5,-1.3688318571428568,9.330356642857144,-2.5
1773834123.825972319,1773834123.825972319,0.000,offline_ground_truth_window,"Environment section (T(v)):
- Current position NED is (-1.08, 7.12, -2.49) m.
- Current velocity is (0.01, 0.05, -0.00) m/s (speed 0.05 m/s).
- Goal position NED is (-5.01, 29.50, -2.50) m.
- Output contract: predict exactly 5 waypoint x/y pairs in NED. The planner will set every waypoint z to goal z = -2.50 m before execution.
- Goal delta from current state is (-3.93, 22.38, -0.01) m with distance 22.73 m.
- Obstacle pipeline: depth_camera_to_body_to_ned_current_frame.
- Current depth frame obstacle points projected into NED: 0. Nearest depth obstacle in NED is at (-1.08, 7.12, -2.49) m, relative vector (20.00, 0.00, 0.00) m, distance 20.00 m.
- Depth validity fraction is 0.58. Global nearest obstacle distance is 5.06 m.
- Sector minimum distances [far_left, left, center, right, far_right] are [5.06, 5.06, 5.06, 5.06, 5.06] m.
- Nearest obstacle sector is far_left at 5.06 m and clearance status is clear.
- Lateral planning hint: prefer center progress.","{""waypoints"":[{""x"":-1.1545461428571424,""y"":7.857142357142857},{""x"":-1.2259747142857138,""y"":8.348213785714284},{""x"":-1.2974032857142854,""y"":8.839285214285715},{""x"":-1.3688318571428568,""y"":9.330356642857144},{""x"":-1.4402604285714282,""y"":9.82142807142857}],""reasoning"":""Selected waypoint 0 moves the reference anchor from 22.48 m to 21.98 m from goal immediately and to 20.00 m by the final waypoint, so progress is 0.50 m selected / 2.48 m final and passes with monotonic goal-distance reduction. Kinematics is evaluated on 5 unique label waypoint(s), excluding consecutive duplicate terminal holds, and checks only that the trajectory stays within the configured bounds speed <= 15.00 m/s and acceleration <= 8.00 m/s^2, so kinematics passes. Goal is not reached within this label waypoint window. Safety passes: minimum clearance 3.68 m against manifest obstacles with 0 violating segment(s).""}",-1.1545461428571424,7.857142357142857,-2.5,-1.2259747142857138,8.348213785714284,-2.5,-1.2974032857142854,8.839285214285715,-2.5,-1.3688318571428568,9.330356642857144,-2.5,-1.4402604285714282,9.82142807142857,-2.5
1773834130.834373713,1773834130.834373713,0.000,offline_ground_truth_window,"Environment section (T(v)):
- Current position NED is (-1.14, 7.61, -2.51) m.
- Current velocity is (-0.00, 0.06, 0.01) m/s (speed 0.06 m/s).
- Goal position NED is (-5.01, 29.50, -2.50) m.
- Output contract: predict exactly 5 waypoint x/y pairs in NED. The planner will set every waypoint z to goal z = -2.50 m before execution.
- Goal delta from current state is (-3.87, 21.89, 0.01) m with distance 22.23 m.
- Obstacle pipeline: depth_camera_to_body_to_ned_current_frame.
- Current depth frame obstacle points projected into NED: 3. Nearest depth obstacle in NED is at (-0.73, 18.35, -2.65) m, relative vector (0.42, 10.74, -0.14) m, distance 10.75 m.
- Depth validity fraction is 0.58. Global nearest obstacle distance is 5.18 m.
- Sector minimum distances [far_left, left, center, right, far_right] are [5.19, 5.19, 5.19, 5.18, 5.18] m.
- Nearest obstacle sector is far_right at 5.18 m and clearance status is clear.
- Lateral planning hint: prefer center progress.","{""waypoints"":[{""x"":-1.2259747142857138,""y"":8.348213785714284},{""x"":-1.2974032857142854,""y"":8.839285214285715},{""x"":-1.3688318571428568,""y"":9.330356642857144},{""x"":-1.4402604285714282,""y"":9.82142807142857},{""x"":-1.5116889999999996,""y"":10.3124995}],""reasoning"":""Selected waypoint 0 moves the reference anchor from 21.98 m to 21.49 m from goal immediately and to 19.50 m by the final waypoint, so progress is 0.50 m selected / 2.48 m final and passes with monotonic goal-distance reduction. Kinematics is evaluated on 5 unique label waypoint(s), excluding consecutive duplicate terminal holds, and checks only that the trajectory stays within the configured bounds speed <= 15.00 m/s and acceleration <= 8.00 m/s^2, so kinematics passes. Goal is not reached within this label waypoint window. Safety passes: minimum clearance 3.61 m against manifest obstacles with 0 violating segment(s).""}",-1.2259747142857138,8.348213785714284,-2.5,-1.2974032857142854,8.839285214285715,-2.5,-1.3688318571428568,9.330356642857144,-2.5,-1.4402604285714282,9.82142807142857,-2.5,-1.5116889999999996,10.3124995,-2.5
1773834140.123949766,1773834140.123949766,0.000,offline_ground_truth_window,"Environment section (T(v)):
- Current position NED is (-1.20, 8.10, -2.49) m.
- Current velocity is (-0.00, 0.06, 0.00) m/s (speed 0.06 m/s).
- Goal position NED is (-5.01, 29.50, -2.50) m.
- Output contract: predict exactly 5 waypoint x/y pairs in NED. The planner will set every waypoint z to goal z = -2.50 m before execution.
- Goal delta from current state is (-3.81, 21.40, -0.01) m with distance 21.74 m.
- Obstacle pipeline: depth_camera_to_body_to_ned_current_frame.
- Current depth frame obstacle points projected into NED: 6. Nearest depth obstacle in NED is at (-0.95, 18.41, -2.49) m, relative vector (0.26, 10.31, -0.00) m, distance 10.31 m.
- Depth validity fraction is 0.59. Global nearest obstacle distance is 4.95 m.
- Sector minimum distances [far_left, left, center, right, far_right] are [4.95, 4.95, 4.95, 4.95, 4.95] m.
- Nearest obstacle sector is far_left at 4.95 m and clearance status is clear.
- Lateral planning hint: prefer center progress.","{""waypoints"":[{""x"":-1.2974032857142854,""y"":8.839285214285715},{""x"":-1.3688318571428568,""y"":9.330356642857144},{""x"":-1.4402604285714282,""y"":9.82142807142857},{""x"":-1.5116889999999996,""y"":10.3124995},{""x"":-1.583117571428571,""y"":10.803570928571428}],""reasoning"":""Selected waypoint 0 moves the reference anchor from 21.49 m to 20.99 m from goal immediately and to 19.01 m by the final waypoint, so progress is 0.50 m selected / 2.48 m final and passes with monotonic goal-distance reduction. Kinematics is evaluated on 5 unique label waypoint(s), excluding consecutive duplicate terminal holds, and checks only that the trajectory stays within the configured bounds speed <= 15.00 m/s and acceleration <= 8.00 m/s^2, so kinematics passes. Goal is not reached within this label waypoint window. Safety passes: minimum clearance 3.60 m against manifest obstacles with 0 violating segment(s).""}",-1.2974032857142854,8.839285214285715,-2.5,-1.3688318571428568,9.330356642857144,-2.5,-1.4402604285714282,9.82142807142857,-2.5,-1.5116889999999996,10.3124995,-2.5,-1.583117571428571,10.803570928571428,-2.5
1773834147.512061119,1773834147.512061119,0.000,offline_ground_truth_window,"Environment section (T(v)):
- Current position NED is (-1.22, 8.60, -2.50) m.
- Current velocity is (-0.01, 0.07, 0.00) m/s (speed 0.07 m/s).
- Goal position NED is (-5.01, 29.50, -2.50) m.
- Output contract: predict exactly 5 waypoint x/y pairs in NED. The planner will set every waypoint z to goal z = -2.50 m before execution.
- Goal delta from current state is (-3.79, 20.90, 0.00) m with distance 21.24 m.
- Obstacle pipeline: depth_camera_to_body_to_ned_current_frame.
- Current depth frame obstacle points projected into NED: 8. Nearest depth obstacle in NED is at (-0.38, 18.54, -2.17) m, relative vector (0.84, 9.94, 0.33) m, distance 9.98 m.
- Depth validity fraction is 0.58. Global nearest obstacle distance is 5.08 m.
- Sector minimum distances [far_left, left, center, right, far_right] are [5.09, 5.09, 5.08, 5.08, 5.08] m.
- Nearest obstacle sector is far_right at 5.08 m and clearance status is clear.
- Lateral planning hint: prefer center progress.","{""waypoints"":[{""x"":-1.3688318571428568,""y"":9.330356642857144},{""x"":-1.4402604285714282,""y"":9.82142807142857},{""x"":-1.5116889999999996,""y"":10.3124995},{""x"":-1.583117571428571,""y"":10.803570928571428},{""x"":-1.6545461428571424,""y"":11.294642357142855}],""reasoning"":""Selected waypoint 0 moves the reference anchor from 20.99 m to 20.50 m from goal immediately and to 18.51 m by the final waypoint, so progress is 0.50 m selected / 2.48 m final and passes with monotonic goal-distance reduction. Kinematics is evaluated on 5 unique label waypoint(s), excluding consecutive duplicate terminal holds, and checks only that the trajectory stays within the configured bounds speed <= 15.00 m/s and acceleration <= 8.00 m/s^2, so kinematics passes. Goal is not reached within this label waypoint window. Safety passes: minimum clearance 3.60 m against manifest obstacles with 0 violating segment(s).""}",-1.3688318571428568,9.330356642857144,-2.5,-1.4402604285714282,9.82142807142857,-2.5,-1.5116889999999996,10.3124995,-2.5,-1.583117571428571,10.803570928571428,-2.5,-1.6545461428571424,11.294642357142855,-2.5
1773834155.425712585,1773834155.425712585,0.000,offline_ground_truth_window,"Environment section (T(v)):
- Current position NED is (-1.32, 9.09, -2.52) m.
- Current velocity is (-0.01, 0.06, 0.01) m/s (speed 0.07 m/s).
- Goal position NED is (-5.01, 29.50, -2.50) m.
- Output contract: predict exactly 5 waypoint x/y pairs in NED. The planner will set every waypoint z to goal z = -2.50 m before execution.
- Goal delta from current state is (-3.70, 20.41, 0.02) m with distance 20.74 m.
- Obstacle pipeline: depth_camera_to_body_to_ned_current_frame.
- Current depth frame obstacle points projected into NED: 57. Nearest depth obstacle in NED is at (1.99, 15.11, -1.69) m, relative vector (3.31, 6.02, 0.83) m, distance 6.92 m.
- Depth validity fraction is 0.59. Global nearest obstacle distance is 5.00 m.
- Sector minimum distances [far_left, left, center, right, far_right] are [5.00, 5.00, 5.00, 5.00, 5.00] m.
- Nearest obstacle sector is far_right at 5.00 m and clearance status is clear.
- Lateral planning hint: prefer center progress.","{""waypoints"":[{""x"":-1.4402604285714282,""y"":9.82142807142857},{""x"":-1.5116889999999996,""y"":10.3124995},{""x"":-1.583117571428571,""y"":10.803570928571428},{""x"":-1.6545461428571424,""y"":11.294642357142855},{""x"":-1.7259747142857138,""y"":11.785713785714284}],""reasoning"":""Selected waypoint 0 moves the reference anchor from 20.50 m to 20.00 m from goal immediately and to 18.02 m by the final waypoint, so progress is 0.50 m selected / 2.48 m final and passes with monotonic goal-distance reduction. Kinematics is evaluated on 5 unique label waypoint(s), excluding consecutive duplicate terminal holds, and checks only that the trajectory stays within the configured bounds speed <= 15.00 m/s and acceleration <= 8.00 m/s^2, so kinematics passes. Goal is not reached within this label waypoint window. Safety passes: minimum clearance 3.60 m against manifest obstacles with 0 violating segment(s).""}",-1.4402604285714282,9.82142807142857,-2.5,-1.5116889999999996,10.3124995,-2.5,-1.583117571428571,10.803570928571428,-2.5,-1.6545461428571424,11.294642357142855,-2.5,-1.7259747142857138,11.785713785714284,-2.5
1773834163.589214563,1773834163.589214563,0.000,offline_ground_truth_window,"Environment section (T(v)):
- Current position NED is (-1.43, 9.57, -2.49) m.
- Current velocity is (-0.00, 0.06, -0.00) m/s (speed 0.06 m/s).
- Goal position NED is (-5.01, 29.50, -2.50) m.
- Output contract: predict exactly 5 waypoint x/y pairs in NED. The planner will set every waypoint z to goal z = -2.50 m before execution.
- Goal delta from current state is (-3.58, 19.93, -0.01) m with distance 20.25 m.
- Obstacle pipeline: depth_camera_to_body_to_ned_current_frame.
- Current depth frame obstacle points projected into NED: 59. Nearest depth obstacle in NED is at (1.81, 15.51, -2.44) m, relative vector (3.24, 5.94, 0.05) m, distance 6.76 m.
- Depth validity fraction is 0.59. Global nearest obstacle distance is 4.95 m.
- Sector minimum distances [far_left, left, center, right, far_right] are [4.95, 4.95, 4.95, 4.95, 4.95] m.
- Nearest obstacle sector is far_right at 4.95 m and clearance status is clear.
- Lateral planning hint: prefer center progress.","{""waypoints"":[{""x"":-1.5116889999999996,""y"":10.3124995},{""x"":-1.583117571428571,""y"":10.803570928571428},{""x"":-1.6545461428571424,""y"":11.294642357142855},{""x"":-1.7259747142857138,""y"":11.785713785714284},{""x"":-1.7974032857142854,""y"":12.276785214285715}],""reasoning"":""Selected waypoint 0 moves the reference anchor from 20.00 m to 19.50 m from goal immediately and to 17.52 m by the final waypoint, so progress is 0.50 m selected / 2.48 m final and passes with monotonic goal-distance reduction. Kinematics is evaluated on 5 unique label waypoint(s), excluding consecutive duplicate terminal holds, and checks only that the trajectory stays within the configured bounds speed <= 15.00 m/s and acceleration <= 8.00 m/s^2, so kinematics passes. Goal is not reached within this label waypoint window. Safety passes: minimum clearance 3.60 m against manifest obstacles with 0 violating segment(s).""}",-1.5116889999999996,10.3124995,-2.5,-1.583117571428571,10.803570928571428,-2.5,-1.6545461428571424,11.294642357142855,-2.5,-1.7259747142857138,11.785713785714284,-2.5,-1.7974032857142854,12.276785214285715,-2.5
1773834169.419687271,1773834169.419687271,0.000,offline_ground_truth_window,"Environment section (T(v)):
- Current position NED is (-1.50, 10.06, -2.47) m.
- Current velocity is (-0.01, 0.05, -0.01) m/s (speed 0.05 m/s).
- Goal position NED is (-5.01, 29.50, -2.50) m.
- Output contract: predict exactly 5 waypoint x/y pairs in NED. The planner will set every waypoint z to goal z = -2.50 m before execution.
- Goal delta from current state is (-3.51, 19.44, -0.03) m with distance 19.75 m.
- Obstacle pipeline: depth_camera_to_body_to_ned_current_frame.
- Current depth frame obstacle points projected into NED: 59. Nearest depth obstacle in NED is at (1.68, 15.93, -2.18) m, relative vector (3.18, 5.87, 0.29) m, distance 6.68 m.
- Depth validity fraction is 0.60. Global nearest obstacle distance is 4.92 m.
- Sector minimum distances [far_left, left, center, right, far_right] are [4.92, 4.92, 4.92, 4.92, 4.93] m.
- Nearest obstacle sector is far_left at 4.92 m and clearance status is clear.
- Lateral planning hint: prefer center progress.","{""waypoints"":[{""x"":-1.583117571428571,""y"":10.803570928571428},{""x"":-1.6545461428571424,""y"":11.294642357142855},{""x"":-1.7259747142857138,""y"":11.785713785714284},{""x"":-1.7974032857142854,""y"":12.276785214285715},{""x"":-1.8688318571428568,""y"":12.767856642857144}],""reasoning"":""Selected waypoint 0 moves the reference anchor from 19.50 m to 19.01 m from goal immediately and to 17.02 m by the final waypoint, so progress is 0.50 m selected / 2.48 m final and passes with monotonic goal-distance reduction. Kinematics is evaluated on 5 unique label waypoint(s), excluding consecutive duplicate terminal holds, and checks only that the trajectory stays within the configured bounds speed <= 15.00 m/s and acceleration <= 8.00 m/s^2, so kinematics passes. Goal is not reached within this label waypoint window. Safety passes: minimum clearance 3.60 m against manifest obstacles with 0 violating segment(s).""}",-1.583117571428571,10.803570928571428,-2.5,-1.6545461428571424,11.294642357142855,-2.5,-1.7259747142857138,11.785713785714284,-2.5,-1.7974032857142854,12.276785214285715,-2.5,-1.8688318571428568,12.767856642857144,-2.5
1773834176.701213598,1773834176.701213598,0.000,offline_ground_truth_window,"Environment section (T(v)):
- Current position NED is (-1.57, 10.55, -2.49) m.
- Current velocity is (0.01, 0.08, -0.00) m/s (speed 0.08 m/s).
- Goal position NED is (-5.01, 29.50, -2.50) m.
- Output contract: predict exactly 5 waypoint x/y pairs in NED. The planner will set every waypoint z to goal z = -2.50 m before execution.
- Goal delta from current state is (-3.44, 18.95, -0.01) m with distance 19.26 m.
- Obstacle pipeline: depth_camera_to_body_to_ned_current_frame.
- Current depth frame obstacle points projected into NED: 71. Nearest depth obstacle in NED is at (1.58, 16.22, -2.55) m, relative vector (3.15, 5.67, -0.06) m, distance 6.49 m.
- Depth validity fraction is 0.60. Global nearest obstacle distance is 4.93 m.
- Sector minimum distances [far_left, left, center, right, far_right] are [4.94, 4.94, 4.93, 4.93, 4.93] m.
- Nearest obstacle sector is far_right at 4.93 m and clearance status is clear.
- Lateral planning hint: prefer center progress.","{""waypoints"":[{""x"":-1.6545461428571424,""y"":11.294642357142855},{""x"":-1.7259747142857138,""y"":11.785713785714284},{""x"":-1.7974032857142854,""y"":12.276785214285715},{""x"":-1.8688318571428568,""y"":12.767856642857144},{""x"":-1.9402604285714282,""y"":13.25892807142857}],""reasoning"":""Selected waypoint 0 moves the reference anchor from 19.01 m to 18.51 m from goal immediately and to 16.53 m by the final waypoint, so progress is 0.50 m selected / 2.48 m final and passes with monotonic goal-distance reduction. Kinematics is evaluated on 5 unique label waypoint(s), excluding consecutive duplicate terminal holds, and checks only that the trajectory stays within the configured bounds speed <= 15.00 m/s and acceleration <= 8.00 m/s^2, so kinematics passes. Goal is not reached within this label waypoint window. Safety passes: minimum clearance 3.60 m against manifest obstacles with 0 violating segment(s).""}",-1.6545461428571424,11.294642357142855,-2.5,-1.7259747142857138,11.785713785714284,-2.5,-1.7974032857142854,12.276785214285715,-2.5,-1.8688318571428568,12.767856642857144,-2.5,-1.9402604285714282,13.25892807142857,-2.5
1773834182.941475391,1773834182.941475391,0.000,offline_ground_truth_window,"Environment section (T(v)):
- Current position NED is (-1.57, 11.06, -2.48) m.
- Current velocity is (-0.01, 0.08, 0.00) m/s (speed 0.09 m/s).
- Goal position NED is (-5.01, 29.50, -2.50) m.
- Output contract: predict exactly 5 waypoint x/y pairs in NED. The planner will set every waypoint z to goal z = -2.50 m before execution.
- Goal delta from current state is (-3.44, 18.44, -0.02) m with distance 18.76 m.
- Obstacle pipeline: depth_camera_to_body_to_ned_current_frame.
- Current depth frame obstacle points projected into NED: 68. Nearest depth obstacle in NED is at (1.53, 16.71, -2.57) m, relative vector (3.10, 5.66, -0.09) m, distance 6.45 m.
- Depth validity fraction is 0.59. Global nearest obstacle distance is 5.03 m.
- Sector minimum distances [far_left, left, center, right, far_right] are [5.06, 5.05, 5.05, 5.04, 5.03] m.
- Nearest obstacle sector is far_right at 5.03 m and clearance status is clear.
- Lateral planning hint: prefer center progress.","{""waypoints"":[{""x"":-1.7259747142857138,""y"":11.785713785714284},{""x"":-1.7974032857142854,""y"":12.276785214285715},{""x"":-1.8688318571428568,""y"":12.767856642857144},{""x"":-1.9402604285714282,""y"":13.25892807142857},{""x"":-2.0116889999999996,""y"":13.7499995}],""reasoning"":""Selected waypoint 0 moves the reference anchor from 18.51 m to 18.02 m from goal immediately and to 16.03 m by the final waypoint, so progress is 0.50 m selected / 2.48 m final and passes with monotonic goal-distance reduction. Kinematics is evaluated on 5 unique label waypoint(s), excluding consecutive duplicate terminal holds, and checks only that the trajectory stays within the configured bounds speed <= 15.00 m/s and acceleration <= 8.00 m/s^2, so kinematics passes. Goal is not reached within this label waypoint window. Safety passes: minimum clearance 3.66 m against manifest obstacles with 0 violating segment(s).""}",-1.7259747142857138,11.785713785714284,-2.5,-1.7974032857142854,12.276785214285715,-2.5,-1.8688318571428568,12.767856642857144,-2.5,-1.9402604285714282,13.25892807142857,-2.5,-2.0116889999999996,13.7499995,-2.5
1773834191.281632900,1773834191.281632900,0.000,offline_ground_truth_window,"Environment section (T(v)):
- Current position NED is (-1.69, 11.54, -2.47) m.
- Current velocity is (-0.01, 0.04, -0.00) m/s (speed 0.04 m/s).
- Goal position NED is (-5.01, 29.50, -2.50) m.
- Output contract: predict exactly 5 waypoint x/y pairs in NED. The planner will set every waypoint z to goal z = -2.50 m before execution.
- Goal delta from current state is (-3.32, 17.96, -0.03) m with distance 18.26 m.
- Obstacle pipeline: depth_camera_to_body_to_ned_current_frame.
- Current depth frame obstacle points projected into NED: 55. Nearest depth obstacle in NED is at (1.28, 17.04, -2.45) m, relative vector (2.97, 5.50, 0.03) m, distance 6.25 m.
- Depth validity fraction is 0.60. Global nearest obstacle distance is 4.86 m.
- Sector minimum distances [far_left, left, center, right, far_right] are [4.94, 4.94, 4.94, 4.94, 4.86] m.
- Nearest obstacle sector is far_right at 4.86 m and clearance status is clear.
- Lateral planning hint: prefer center progress.","{""waypoints"":[{""x"":-1.7974032857142854,""y"":12.276785214285715},{""x"":-1.8688318571428568,""y"":12.767856642857144},{""x"":-1.9402604285714282,""y"":13.25892807142857},{""x"":-2.0116889999999996,""y"":13.7499995},{""x"":-2.0831175714285712,""y"":14.24107092857143}],""reasoning"":""Selected waypoint 0 moves the reference anchor from 18.02 m to 17.52 m from goal immediately and to 15.54 m by the final waypoint, so progress is 0.50 m selected / 2.48 m final and passes with monotonic goal-distance reduction. Kinematics is evaluated on 5 unique label waypoint(s), excluding consecutive duplicate terminal holds, and checks only that the trajectory stays within the configured bounds speed <= 15.00 m/s and acceleration <= 8.00 m/s^2, so kinematics passes. Goal is not reached within this label waypoint window. Safety passes: minimum clearance 3.77 m against manifest obstacles with 0 violating segment(s).""}",-1.7974032857142854,12.276785214285715,-2.5,-1.8688318571428568,12.767856642857144,-2.5,-1.9402604285714282,13.25892807142857,-2.5,-2.0116889999999996,13.7499995,-2.5,-2.0831175714285712,14.24107092857143,-2.5
1773834197.070155382,1773834197.070155382,0.000,offline_ground_truth_window,"Environment section (T(v)):
- Current position NED is (-1.79, 12.03, -2.47) m.
- Current velocity is (-0.01, 0.08, -0.00) m/s (speed 0.08 m/s).
- Goal position NED is (-5.01, 29.50, -2.50) m.
- Output contract: predict exactly 5 waypoint x/y pairs in NED. The planner will set every waypoint z to goal z = -2.50 m before execution.
- Goal delta from current state is (-3.22, 17.47, -0.03) m with distance 17.77 m.
- Obstacle pipeline: depth_camera_to_body_to_ned_current_frame.
- Current depth frame obstacle points projected into NED: 70. Nearest depth obstacle in NED is at (1.15, 17.36, -2.46) m, relative vector (2.94, 5.33, 0.01) m, distance 6.09 m.
- Depth validity fraction is 0.59. Global nearest obstacle distance is 4.79 m.
- Sector minimum distances [far_left, left, center, right, far_right] are [4.99, 4.99, 4.99, 4.99, 4.79] m.
- Nearest obstacle sector is far_right at 4.79 m and clearance status is clear.
- Lateral planning hint: prefer center progress.","{""waypoints"":[{""x"":-1.8688318571428568,""y"":12.767856642857144},{""x"":-1.9402604285714282,""y"":13.25892807142857},{""x"":-2.0116889999999996,""y"":13.7499995},{""x"":-2.0831175714285712,""y"":14.24107092857143},{""x"":-2.1545461428571424,""y"":14.732142357142855}],""reasoning"":""Selected waypoint 0 moves the reference anchor from 17.52 m to 17.02 m from goal immediately and to 15.04 m by the final waypoint, so progress is 0.50 m selected / 2.48 m final and passes with monotonic goal-distance reduction. Kinematics is evaluated on 5 unique label waypoint(s), excluding consecutive duplicate terminal holds, and checks only that the trajectory stays within the configured bounds speed <= 15.00 m/s and acceleration <= 8.00 m/s^2, so kinematics passes. Goal is not reached within this label waypoint window. Safety passes: minimum clearance 3.58 m against manifest obstacles with 0 violating segment(s).""}",-1.8688318571428568,12.767856642857144,-2.5,-1.9402604285714282,13.25892807142857,-2.5,-2.0116889999999996,13.7499995,-2.5,-2.0831175714285712,14.24107092857143,-2.5,-2.1545461428571424,14.732142357142855,-2.5
1773834207.256354094,1773834207.256354094,0.000,offline_ground_truth_window,"Environment section (T(v)):
- Current position NED is (-1.83, 12.52, -2.49) m.
- Current velocity is (-0.01, 0.04, 0.00) m/s (speed 0.04 m/s).
- Goal position NED is (-5.01, 29.50, -2.50) m.
- Output contract: predict exactly 5 waypoint x/y pairs in NED. The planner will set every waypoint z to goal z = -2.50 m before execution.
- Goal delta from current state is (-3.18, 16.98, -0.01) m with distance 17.27 m.
- Obstacle pipeline: depth_camera_to_body_to_ned_current_frame.
- Current depth frame obstacle points projected into NED: 67. Nearest depth obstacle in NED is at (-1.51, 18.30, -2.59) m, relative vector (0.32, 5.78, -0.10) m, distance 5.79 m.
- Depth validity fraction is 0.59. Global nearest obstacle distance is 4.69 m.
- Sector minimum distances [far_left, left, center, right, far_right] are [5.04, 5.03, 5.03, 5.03, 4.69] m.
- Nearest obstacle sector is far_right at 4.69 m and clearance status is clear.
- Lateral planning hint: prefer center progress.","{""waypoints"":[{""x"":-1.9402604285714282,""y"":13.25892807142857},{""x"":-2.0116889999999996,""y"":13.7499995},{""x"":-2.0831175714285712,""y"":14.24107092857143},{""x"":-2.1545461428571424,""y"":14.732142357142855},{""x"":-2.225974714285714,""y"":15.223213785714288}],""reasoning"":""Selected waypoint 0 moves the reference anchor from 17.02 m to 16.53 m from goal immediately and to 14.55 m by the final waypoint, so progress is 0.50 m selected / 2.48 m final and passes with monotonic goal-distance reduction. Kinematics is evaluated on 5 unique label waypoint(s), excluding consecutive duplicate terminal holds, and checks only that the trajectory stays within the configured bounds speed <= 15.00 m/s and acceleration <= 8.00 m/s^2, so kinematics passes. Goal is not reached within this label waypoint window. Safety passes: minimum clearance 3.16 m against manifest obstacles with 0 violating segment(s).""}",-1.9402604285714282,13.25892807142857,-2.5,-2.0116889999999996,13.7499995,-2.5,-2.0831175714285712,14.24107092857143,-2.5,-2.1545461428571424,14.732142357142855,-2.5,-2.225974714285714,15.223213785714288,-2.5
1773834215.615142107,1773834215.615142107,0.000,offline_ground_truth_window,"Environment section (T(v)):
- Current position NED is (-1.90, 13.01, -2.48) m.
- Current velocity is (-0.01, 0.04, 0.00) m/s (speed 0.04 m/s).
- Goal position NED is (-5.01, 29.50, -2.50) m.
- Output contract: predict exactly 5 waypoint x/y pairs in NED. The planner will set every waypoint z to goal z = -2.50 m before execution.
- Goal delta from current state is (-3.11, 16.49, -0.02) m with distance 16.78 m.
- Obstacle pipeline: depth_camera_to_body_to_ned_current_frame.
- Current depth frame obstacle points projected into NED: 68. Nearest depth obstacle in NED is at (-1.45, 18.29, -2.52) m, relative vector (0.45, 5.28, -0.04) m, distance 5.30 m.
- Depth validity fraction is 0.59. Global nearest obstacle distance is 4.60 m.
- Sector minimum distances [far_left, left, center, right, far_right] are [5.08, 5.08, 5.09, 5.05, 4.60] m.
- Nearest obstacle sector is far_right at 4.60 m and clearance status is clear.
- Lateral planning hint: prefer center progress.","{""waypoints"":[{""x"":-2.0116889999999996,""y"":13.7499995},{""x"":-2.0831175714285712,""y"":14.24107092857143},{""x"":-2.1545461428571424,""y"":14.732142357142855},{""x"":-2.225974714285714,""y"":15.223213785714288},{""x"":-2.297403285714285,""y"":15.714285214285711}],""reasoning"":""Selected waypoint 0 moves the reference anchor from 16.53 m to 16.03 m from goal immediately and to 14.05 m by the final waypoint, so progress is 0.50 m selected / 2.48 m final and passes with monotonic goal-distance reduction. Kinematics is evaluated on 5 unique label waypoint(s), excluding consecutive duplicate terminal holds, and checks only that the trajectory stays within the configured bounds speed <= 15.00 m/s and acceleration <= 8.00 m/s^2, so kinematics passes. Goal is not reached within this label waypoint window. Safety passes: minimum clearance 2.77 m against manifest obstacles with 0 violating segment(s).""}",-2.0116889999999996,13.7499995,-2.5,-2.0831175714285712,14.24107092857143,-2.5,-2.1545461428571424,14.732142357142855,-2.5,-2.225974714285714,15.223213785714288,-2.5,-2.297403285714285,15.714285214285711,-2.5
1773834223.620270491,1773834223.620270491,0.000,offline_ground_truth_window,"Environment section (T(v)):
- Current position NED is (-2.02, 13.50, -2.52) m.
- Current velocity is (-0.01, 0.04, 0.01) m/s (speed 0.04 m/s).
- Goal position NED is (-5.01, 29.50, -2.50) m.
- Output contract: predict exactly 5 waypoint x/y pairs in NED. The planner will set every waypoint z to goal z = -2.50 m before execution.
- Goal delta from current state is (-2.99, 16.00, 0.02) m with distance 16.28 m.
- Obstacle pipeline: depth_camera_to_body_to_ned_current_frame.
- Current depth frame obstacle points projected into NED: 85. Nearest depth obstacle in NED is at (-1.64, 18.29, -2.61) m, relative vector (0.39, 4.79, -0.09) m, distance 4.80 m.
- Depth validity fraction is 0.59. Global nearest obstacle distance is 4.48 m.
- Sector minimum distances [far_left, left, center, right, far_right] are [5.07, 5.08, 4.65, 4.58, 4.48] m.
- Nearest obstacle sector is far_right at 4.48 m and clearance status is clear.
- Lateral planning hint: left side is clearer.","{""waypoints"":[{""x"":-2.0831175714285712,""y"":14.24107092857143},{""x"":-2.1545461428571424,""y"":14.732142357142855},{""x"":-2.225974714285714,""y"":15.223213785714288},{""x"":-2.297403285714285,""y"":15.714285214285711},{""x"":-2.368831857142857,""y"":16.20535664285714}],""reasoning"":""Selected waypoint 0 moves the reference anchor from 16.03 m to 15.54 m from goal immediately and to 13.55 m by the final waypoint, so progress is 0.50 m selected / 2.48 m final and passes with monotonic goal-distance reduction. Kinematics is evaluated on 5 unique label waypoint(s), excluding consecutive duplicate terminal holds, and checks only that the trajectory stays within the configured bounds speed <= 15.00 m/s and acceleration <= 8.00 m/s^2, so kinematics passes. Goal is not reached within this label waypoint window. Safety passes: minimum clearance 2.41 m against manifest obstacles with 0 violating segment(s).""}",-2.0831175714285712,14.24107092857143,-2.5,-2.1545461428571424,14.732142357142855,-2.5,-2.225974714285714,15.223213785714288,-2.5,-2.297403285714285,15.714285214285711,-2.5,-2.368831857142857,16.20535664285714,-2.5
1773834230.965381861,1773834230.965381861,0.000,offline_ground_truth_window,"Environment section (T(v)):
- Current position NED is (-2.01, 14.00, -2.51) m.
- Current velocity is (-0.02, 0.08, 0.01) m/s (speed 0.08 m/s).
- Goal position NED is (-5.01, 29.50, -2.50) m.
- Output contract: predict exactly 5 waypoint x/y pairs in NED. The planner will set every waypoint z to goal z = -2.50 m before execution.
- Goal delta from current state is (-3.00, 15.50, 0.01) m with distance 15.79 m.
- Obstacle pipeline: depth_camera_to_body_to_ned_current_frame.
- Current depth frame obstacle points projected into NED: 82. Nearest depth obstacle in NED is at (-1.76, 18.32, -2.58) m, relative vector (0.25, 4.32, -0.07) m, distance 4.32 m.
- Depth validity fraction is 0.61. Global nearest obstacle distance is 4.08 m.
- Sector minimum distances [far_left, left, center, right, far_right] are [5.09, 5.08, 4.20, 4.08, 4.43] m.
- Nearest obstacle sector is right at 4.08 m and clearance status is clear.
- Lateral planning hint: left side is clearer.","{""waypoints"":[{""x"":-2.1545461428571424,""y"":14.732142357142855},{""x"":-2.225974714285714,""y"":15.223213785714288},{""x"":-2.297403285714285,""y"":15.714285214285711},{""x"":-2.368831857142857,""y"":16.20535664285714},{""x"":-2.440260428571428,""y"":16.696428071428567}],""reasoning"":""Selected waypoint 0 moves the reference anchor from 15.54 m to 15.04 m from goal immediately and to 13.06 m by the final waypoint, so progress is 0.50 m selected / 2.48 m final and passes with monotonic goal-distance reduction. Kinematics is evaluated on 5 unique label waypoint(s), excluding consecutive duplicate terminal holds, and checks only that the trajectory stays within the configured bounds speed <= 15.00 m/s and acceleration <= 8.00 m/s^2, so kinematics passes. Goal is not reached within this label waypoint window. Safety passes: minimum clearance 2.09 m against manifest obstacles with 0 violating segment(s).""}",-2.1545461428571424,14.732142357142855,-2.5,-2.225974714285714,15.223213785714288,-2.5,-2.297403285714285,15.714285214285711,-2.5,-2.368831857142857,16.20535664285714,-2.5,-2.440260428571428,16.696428071428567,-2.5
1773834238.440498352,1773834238.440498352,0.000,offline_ground_truth_window,"Environment section (T(v)):
- Current position NED is (-2.12, 14.49, -2.51) m.
- Current velocity is (-0.02, 0.07, 0.01) m/s (speed 0.08 m/s).
- Goal position NED is (-5.01, 29.50, -2.50) m.
- Output contract: predict exactly 5 waypoint x/y pairs in NED. The planner will set every waypoint z to goal z = -2.50 m before execution.
- Goal delta from current state is (-2.89, 15.01, 0.01) m with distance 15.29 m.
- Obstacle pipeline: depth_camera_to_body_to_ned_current_frame.
- Current depth frame obstacle points projected into NED: 96. Nearest depth obstacle in NED is at (-1.79, 18.29, -2.19) m, relative vector (0.33, 3.80, 0.32) m, distance 3.83 m.
- Depth validity fraction is 0.62. Global nearest obstacle distance is 3.59 m.
- Sector minimum distances [far_left, left, center, right, far_right] are [5.06, 5.06, 3.69, 3.59, 4.29] m.
- Nearest obstacle sector is right at 3.59 m and clearance status is clear.
- Lateral planning hint: left side is clearer.","{""waypoints"":[{""x"":-2.225974714285714,""y"":15.223213785714288},{""x"":-2.297403285714285,""y"":15.714285214285711},{""x"":-2.368831857142857,""y"":16.20535664285714},{""x"":-2.440260428571428,""y"":16.696428071428567},{""x"":-2.5116889999999996,""y"":17.187499499999998}],""reasoning"":""Selected waypoint 0 moves the reference anchor from 15.04 m to 14.55 m from goal immediately and to 12.56 m by the final waypoint, so progress is 0.50 m selected / 2.48 m final and passes with monotonic goal-distance reduction. Kinematics is evaluated on 5 unique label waypoint(s), excluding consecutive duplicate terminal holds, and checks only that the trajectory stays within the configured bounds speed <= 15.00 m/s and acceleration <= 8.00 m/s^2, so kinematics passes. Goal is not reached within this label waypoint window. Safety passes: minimum clearance 1.83 m against manifest obstacles with 0 violating segment(s).""}",-2.225974714285714,15.223213785714288,-2.5,-2.297403285714285,15.714285214285711,-2.5,-2.368831857142857,16.20535664285714,-2.5,-2.440260428571428,16.696428071428567,-2.5,-2.5116889999999996,17.187499499999998,-2.5
1773834245.590713978,1773834245.590713978,0.000,offline_ground_truth_window,"Environment section (T(v)):
- Current position NED is (-2.19, 14.98, -2.50) m.
- Current velocity is (-0.02, 0.07, 0.01) m/s (speed 0.07 m/s).
- Goal position NED is (-5.01, 29.50, -2.50) m.
- Output contract: predict exactly 5 waypoint x/y pairs in NED. The planner will set every waypoint z to goal z = -2.50 m before execution.
- Goal delta from current state is (-2.82, 14.52, 0.00) m with distance 14.79 m.
- Obstacle pipeline: depth_camera_to_body_to_ned_current_frame.
- Current depth frame obstacle points projected into NED: 84. Nearest depth obstacle in NED is at (-1.83, 18.26, -2.51) m, relative vector (0.36, 3.28, -0.00) m, distance 3.30 m.
- Depth validity fraction is 0.62. Global nearest obstacle distance is 3.07 m.
- Sector minimum distances [far_left, left, center, right, far_right] are [5.10, 5.10, 3.20, 3.07, 4.21] m.
- Nearest obstacle sector is right at 3.07 m and clearance status is clear.
- Lateral planning hint: left side is clearer.","{""waypoints"":[{""x"":-2.297403285714285,""y"":15.714285214285711},{""x"":-2.368831857142857,""y"":16.20535664285714},{""x"":-2.440260428571428,""y"":16.696428071428567},{""x"":-2.5116889999999996,""y"":17.187499499999998},{""x"":-2.5831175714285712,""y"":17.67857092857143}],""reasoning"":""Selected waypoint 0 moves the reference anchor from 14.55 m to 14.05 m from goal immediately and to 12.07 m by the final waypoint, so progress is 0.50 m selected / 2.48 m final and passes with monotonic goal-distance reduction. Kinematics is evaluated on 5 unique label waypoint(s), excluding consecutive duplicate terminal holds, and checks only that the trajectory stays within the configured bounds speed <= 15.00 m/s and acceleration <= 8.00 m/s^2, so kinematics passes. Goal is not reached within this label waypoint window. Safety passes: minimum clearance 1.66 m against manifest obstacles with 0 violating segment(s).""}",-2.297403285714285,15.714285214285711,-2.5,-2.368831857142857,16.20535664285714,-2.5,-2.440260428571428,16.696428071428567,-2.5,-2.5116889999999996,17.187499499999998,-2.5,-2.5831175714285712,17.67857092857143,-2.5
1773834252.005185843,1773834252.005185843,0.000,offline_ground_truth_window,"Environment section (T(v)):
- Current position NED is (-2.24, 15.47, -2.50) m.
- Current velocity is (-0.01, 0.05, 0.00) m/s (speed 0.05 m/s).
- Goal position NED is (-5.01, 29.50, -2.50) m.
- Output contract: predict exactly 5 waypoint x/y pairs in NED. The planner will set every waypoint z to goal z = -2.50 m before execution.
- Goal delta from current state is (-2.77, 14.03, -0.00) m with distance 14.30 m.
- Obstacle pipeline: depth_camera_to_body_to_ned_current_frame.
- Current depth frame obstacle points projected into NED: 88. Nearest depth obstacle in NED is at (-1.97, 18.28, -2.47) m, relative vector (0.27, 2.81, 0.03) m, distance 2.82 m.
- Depth validity fraction is 0.62. Global nearest obstacle distance is 2.60 m.
- Sector minimum distances [far_left, left, center, right, far_right] are [5.05, 5.05, 2.73, 2.60, 4.11] m.
- Nearest obstacle sector is right at 2.60 m and clearance status is caution.
- Lateral planning hint: left side is clearer.","{""waypoints"":[{""x"":-2.368831857142857,""y"":16.20535664285714},{""x"":-2.440260428571428,""y"":16.696428071428567},{""x"":-2.5116889999999996,""y"":17.187499499999998},{""x"":-2.5831175714285712,""y"":17.67857092857143},{""x"":-2.6545461428571424,""y"":18.169642357142855}],""reasoning"":""Selected waypoint 0 moves the reference anchor from 14.05 m to 13.55 m from goal immediately and to 11.57 m by the final waypoint, so progress is 0.50 m selected / 2.48 m final and passes with monotonic goal-distance reduction. Kinematics is evaluated on 5 unique label waypoint(s), excluding consecutive duplicate terminal holds, and checks only that the trajectory stays within the configured bounds speed <= 15.00 m/s and acceleration <= 8.00 m/s^2, so kinematics passes. Goal is not reached within this label waypoint window. Safety passes: minimum clearance 1.59 m against manifest obstacles with 0 violating segment(s).""}",-2.368831857142857,16.20535664285714,-2.5,-2.440260428571428,16.696428071428567,-2.5,-2.5116889999999996,17.187499499999998,-2.5,-2.5831175714285712,17.67857092857143,-2.5,-2.6545461428571424,18.169642357142855,-2.5
1773834260.212510109,1773834260.212510109,0.000,offline_ground_truth_window,"Environment section (T(v)):
- Current position NED is (-2.37, 15.96, -2.49) m.
- Current velocity is (0.00, 0.06, -0.00) m/s (speed 0.06 m/s).
- Goal position NED is (-5.01, 29.50, -2.50) m.
- Output contract: predict exactly 5 waypoint x/y pairs in NED. The planner will set every waypoint z to goal z = -2.50 m before execution.
- Goal delta from current state is (-2.64, 13.54, -0.01) m with distance 13.80 m.
- Obstacle pipeline: depth_camera_to_body_to_ned_current_frame.
- Current depth frame obstacle points projected into NED: 111. Nearest depth obstacle in NED is at (-2.10, 18.27, -2.52) m, relative vector (0.27, 2.31, -0.03) m, distance 2.33 m.
- Depth validity fraction is 0.63. Global nearest obstacle distance is 2.12 m.
- Sector minimum distances [far_left, left, center, right, far_right] are [5.06, 5.06, 2.23, 2.12, 2.30] m.
- Nearest obstacle sector is right at 2.12 m and clearance status is caution.
- Lateral planning hint: left side is clearer.","{""waypoints"":[{""x"":-2.440260428571428,""y"":16.696428071428567},{""x"":-2.5116889999999996,""y"":17.187499499999998},{""x"":-2.5831175714285712,""y"":17.67857092857143},{""x"":-2.6545461428571424,""y"":18.169642357142855},{""x"":-2.725974714285714,""y"":18.660713785714286}],""reasoning"":""Selected waypoint 0 moves the reference anchor from 13.55 m to 13.06 m from goal immediately and to 11.08 m by the final waypoint, so progress is 0.50 m selected / 2.48 m final and passes with monotonic goal-distance reduction. Kinematics is evaluated on 5 unique label waypoint(s), excluding consecutive duplicate terminal holds, and checks only that the trajectory stays within the configured bounds speed <= 15.00 m/s and acceleration <= 8.00 m/s^2, so kinematics passes. Goal is not reached within this label waypoint window. Safety passes: minimum clearance 1.59 m against manifest obstacles with 0 violating segment(s).""}",-2.440260428571428,16.696428071428567,-2.5,-2.5116889999999996,17.187499499999998,-2.5,-2.5831175714285712,17.67857092857143,-2.5,-2.6545461428571424,18.169642357142855,-2.5,-2.725974714285714,18.660713785714286,-2.5
1773834267.024381399,1773834267.024381399,0.000,offline_ground_truth_window,"Environment section (T(v)):
- Current position NED is (-2.43, 16.45, -2.48) m.
- Current velocity is (-0.00, 0.04, -0.01) m/s (speed 0.04 m/s).
- Goal position NED is (-5.01, 29.50, -2.50) m.
- Output contract: predict exactly 5 waypoint x/y pairs in NED. The planner will set every waypoint z to goal z = -2.50 m before execution.
- Goal delta from current state is (-2.58, 13.05, -0.02) m with distance 13.30 m.
- Obstacle pipeline: depth_camera_to_body_to_ned_current_frame.
- Current depth frame obstacle points projected into NED: 140. Nearest depth obstacle in NED is at (-2.13, 18.25, -2.45) m, relative vector (0.29, 1.80, 0.02) m, distance 1.82 m.
- Depth validity fraction is 0.65. Global nearest obstacle distance is 1.61 m.
- Sector minimum distances [far_left, left, center, right, far_right] are [5.04, 5.04, 1.73, 1.61, 1.64] m.
- Nearest obstacle sector is right at 1.61 m and clearance status is caution.
- Lateral planning hint: left side is clearer.","{""waypoints"":[{""x"":-2.5116889999999996,""y"":17.187499499999998},{""x"":-2.5831175714285712,""y"":17.67857092857143},{""x"":-2.6545461428571424,""y"":18.169642357142855},{""x"":-2.725974714285714,""y"":18.660713785714286},{""x"":-2.797403285714285,""y"":19.15178521428571}],""reasoning"":""Selected waypoint 0 moves the reference anchor from 13.06 m to 12.56 m from goal immediately and to 10.58 m by the final waypoint, so progress is 0.50 m selected / 2.48 m final and passes with monotonic goal-distance reduction. Kinematics is evaluated on 5 unique label waypoint(s), excluding consecutive duplicate terminal holds, and checks only that the trajectory stays within the configured bounds speed <= 15.00 m/s and acceleration <= 8.00 m/s^2, so kinematics passes. Goal is not reached within this label waypoint window. Safety passes: minimum clearance 1.59 m against manifest obstacles with 0 violating segment(s).""}",-2.5116889999999996,17.187499499999998,-2.5,-2.5831175714285712,17.67857092857143,-2.5,-2.6545461428571424,18.169642357142855,-2.5,-2.725974714285714,18.660713785714286,-2.5,-2.797403285714285,19.15178521428571,-2.5
1773834273.397037745,1773834273.397037745,0.000,offline_ground_truth_window,"Environment section (T(v)):
- Current position NED is (-2.49, 16.94, -2.51) m.
- Current velocity is (-0.01, 0.04, 0.01) m/s (speed 0.05 m/s).
- Goal position NED is (-5.01, 29.50, -2.50) m.
- Output contract: predict exactly 5 waypoint x/y pairs in NED. The planner will set every waypoint z to goal z = -2.50 m before execution.
- Goal delta from current state is (-2.53, 12.56, 0.01) m with distance 12.81 m.
- Obstacle pipeline: depth_camera_to_body_to_ned_current_frame.
- Current depth frame obstacle points projected into NED: 174. Nearest depth obstacle in NED is at (-2.25, 18.26, -2.55) m, relative vector (0.24, 1.32, -0.03) m, distance 1.34 m.
- Depth validity fraction is 0.66. Global nearest obstacle distance is 1.12 m.
- Sector minimum distances [far_left, left, center, right, far_right] are [5.08, 5.08, 1.28, 1.12, 1.12] m.
- Nearest obstacle sector is far_right at 1.12 m and clearance status is blocked.
- Lateral planning hint: left side is clearer.","{""waypoints"":[{""x"":-2.5831175714285712,""y"":17.67857092857143},{""x"":-2.6545461428571424,""y"":18.169642357142855},{""x"":-2.725974714285714,""y"":18.660713785714286},{""x"":-2.797403285714285,""y"":19.15178521428571},{""x"":-2.868831857142857,""y"":19.64285664285714}],""reasoning"":""Selected waypoint 0 moves the reference anchor from 12.56 m to 12.07 m from goal immediately and to 10.09 m by the final waypoint, so progress is 0.50 m selected / 2.48 m final and passes with monotonic goal-distance reduction. Kinematics is evaluated on 5 unique label waypoint(s), excluding consecutive duplicate terminal holds, and checks only that the trajectory stays within the configured bounds speed <= 15.00 m/s and acceleration <= 8.00 m/s^2, so kinematics passes. Goal is not reached within this label waypoint window. Safety passes: minimum clearance 1.59 m against manifest obstacles with 0 violating segment(s).""}",-2.5831175714285712,17.67857092857143,-2.5,-2.6545461428571424,18.169642357142855,-2.5,-2.725974714285714,18.660713785714286,-2.5,-2.797403285714285,19.15178521428571,-2.5,-2.868831857142857,19.64285664285714,-2.5
1773834280.693705082,1773834280.693705082,0.000,offline_ground_truth_window,"Environment section (T(v)):
- Current position NED is (-2.52, 17.44, -2.49) m.
- Current velocity is (-0.02, 0.07, 0.00) m/s (speed 0.07 m/s).
- Goal position NED is (-5.01, 29.50, -2.50) m.
- Output contract: predict exactly 5 waypoint x/y pairs in NED. The planner will set every waypoint z to goal z = -2.50 m before execution.
- Goal delta from current state is (-2.49, 12.06, -0.01) m with distance 12.31 m.
- Obstacle pipeline: depth_camera_to_body_to_ned_current_frame.
- Current depth frame obstacle points projected into NED: 241. Nearest depth obstacle in NED is at (-2.32, 18.28, -2.46) m, relative vector (0.20, 0.84, 0.02) m, distance 0.87 m.
- Depth validity fraction is 0.74. Global nearest obstacle distance is 0.64 m.
- Sector minimum distances [far_left, left, center, right, far_right] are [5.07, 5.07, 0.81, 0.68, 0.64] m.
- Nearest obstacle sector is far_right at 0.64 m and clearance status is blocked.
- Lateral planning hint: left side is clearer.","{""waypoints"":[{""x"":-2.6545461428571424,""y"":18.169642357142855},{""x"":-2.725974714285714,""y"":18.660713785714286},{""x"":-2.797403285714285,""y"":19.15178521428571},{""x"":-2.868831857142857,""y"":19.64285664285714},{""x"":-2.940260428571428,""y"":20.133928071428567}],""reasoning"":""Selected waypoint 0 moves the reference anchor from 12.07 m to 11.57 m from goal immediately and to 9.59 m by the final waypoint, so progress is 0.50 m selected / 2.48 m final and passes with monotonic goal-distance reduction. Kinematics is evaluated on 5 unique label waypoint(s), excluding consecutive duplicate terminal holds, and checks only that the trajectory stays within the configured bounds speed <= 15.00 m/s and acceleration <= 8.00 m/s^2, so kinematics passes. Goal is not reached within this label waypoint window. Safety passes: minimum clearance 1.59 m against manifest obstacles with 0 violating segment(s).""}",-2.6545461428571424,18.169642357142855,-2.5,-2.725974714285714,18.660713785714286,-2.5,-2.797403285714285,19.15178521428571,-2.5,-2.868831857142857,19.64285664285714,-2.5,-2.940260428571428,20.133928071428567,-2.5
1773834287.395484447,1773834287.395484447,0.000,offline_ground_truth_window,"Environment section (T(v)):
- Current position NED is (-2.60, 17.93, -2.51) m.
- Current velocity is (-0.01, 0.10, 0.01) m/s (speed 0.10 m/s).
- Goal position NED is (-5.01, 29.50, -2.50) m.
- Output contract: predict exactly 5 waypoint x/y pairs in NED. The planner will set every waypoint z to goal z = -2.50 m before execution.
- Goal delta from current state is (-2.41, 11.57, 0.01) m with distance 11.82 m.
- Obstacle pipeline: depth_camera_to_body_to_ned_current_frame.
- Current depth frame obstacle points projected into NED: 286. Nearest depth obstacle in NED is at (-2.49, 18.30, -2.37) m, relative vector (0.12, 0.37, 0.14) m, distance 0.42 m.
- Depth validity fraction is 0.79. Global nearest obstacle distance is 0.22 m.
- Sector minimum distances [far_left, left, center, right, far_right] are [5.04, 5.03, 0.33, 0.26, 0.22] m.
- Nearest obstacle sector is far_right at 0.22 m and clearance status is blocked.
- Lateral planning hint: left side is clearer.","{""waypoints"":[{""x"":-2.725974714285714,""y"":18.660713785714286},{""x"":-2.797403285714285,""y"":19.15178521428571},{""x"":-2.868831857142857,""y"":19.64285664285714},{""x"":-2.940260428571428,""y"":20.133928071428567},{""x"":-3.0116889999999996,""y"":20.624999499999998}],""reasoning"":""Selected waypoint 0 moves the reference anchor from 11.57 m to 11.08 m from goal immediately and to 9.10 m by the final waypoint, so progress is 0.50 m selected / 2.48 m final and passes with monotonic goal-distance reduction. Kinematics is evaluated on 5 unique label waypoint(s), excluding consecutive duplicate terminal holds, and checks only that the trajectory stays within the configured bounds speed <= 15.00 m/s and acceleration <= 8.00 m/s^2, so kinematics passes. Goal is not reached within this label waypoint window. Safety passes: minimum clearance 1.59 m against manifest obstacles with 0 violating segment(s).""}",-2.725974714285714,18.660713785714286,-2.5,-2.797403285714285,19.15178521428571,-2.5,-2.868831857142857,19.64285664285714,-2.5,-2.940260428571428,20.133928071428567,-2.5,-3.0116889999999996,20.624999499999998,-2.5
1773834308.639211416,1773834308.639211416,0.000,offline_ground_truth_window,"Environment section (T(v)):
- Current position NED is (-2.76, 18.98, -2.01) m.
- Current velocity is (0.01, -0.03, -0.17) m/s (speed 0.17 m/s).
- Goal position NED is (-5.01, 29.50, -2.50) m.
- Output contract: predict exactly 5 waypoint x/y pairs in NED. The planner will set every waypoint z to goal z = -2.50 m before execution.
- Goal delta from current state is (-2.25, 10.52, -0.49) m with distance 10.77 m.
- Obstacle pipeline: depth_camera_to_body_to_ned_current_frame.
- Current depth frame obstacle points projected into NED: 249. Nearest depth obstacle in NED is at (-3.07, 20.15, -1.99) m, relative vector (-0.31, 1.17, 0.02) m, distance 1.21 m.
- Depth validity fraction is 0.76. Global nearest obstacle distance is 1.04 m.
- Sector minimum distances [far_left, left, center, right, far_right] are [4.16, 4.16, 1.09, 1.04, 1.04] m.
- Nearest obstacle sector is right at 1.04 m and clearance status is blocked.
- Lateral planning hint: left side is clearer.","{""waypoints"":[{""x"":-2.868831857142857,""y"":19.64285664285714},{""x"":-2.940260428571428,""y"":20.133928071428567},{""x"":-3.0116889999999996,""y"":20.624999499999998},{""x"":-3.0831175714285712,""y"":21.11607092857143},{""x"":-3.1545461428571424,""y"":21.607142357142855}],""reasoning"":""Selected waypoint 0 moves the reference anchor from 10.58 m to 10.09 m from goal immediately and to 8.11 m by the final waypoint, so progress is 0.50 m selected / 2.47 m final and passes with monotonic goal-distance reduction. Kinematics is evaluated on 5 unique label waypoint(s), excluding consecutive duplicate terminal holds, and checks only that the trajectory stays within the configured bounds speed <= 15.00 m/s and acceleration <= 8.00 m/s^2, so kinematics passes. Goal is not reached within this label waypoint window. Safety passes: minimum clearance 1.60 m against manifest obstacles with 0 violating segment(s).""}",-2.868831857142857,19.64285664285714,-2.5,-2.940260428571428,20.133928071428567,-2.5,-3.0116889999999996,20.624999499999998,-2.5,-3.0831175714285712,21.11607092857143,-2.5,-3.1545461428571424,21.607142357142855,-2.5
